N_MODEL,HIDDEN_SIZE,N_LAYERS,DIRECTIONS,RECALL,PERCISION,F1,RECALL_WO_O,PERCISION_WO_O,F1_WO_O
ner_glove,500,1,1,0.9354035087719298,0.8872897417526711,0.9092362285410911,0.9236766516208453,0.9110669175356364,0.9169632759258932
